801.39537975096391,15623.900390625
801.6651372681489,15912.2001953125
801.93490381922561,15849.2998046875
802.20467938336549,15544.2998046875
802.47446393973667,15069.7998046875
802.7442574675033,14664.900390625
803.01405994582592,14770.099609375
803.28387135386129,15232.2998046875
803.55369167076242,15302.5
803.823520875679,15474.7998046875
804.09335894775677,15751.7001953125
804.3632058661376,15899.900390625
804.63306160996012,15855.7998046875
804.902926158359,15763.7998046875
805.17279949046542,15528.2001953125
805.44268158540706,15696.2001953125
805.71257242230752,15695.7998046875
805.98247198028719,15504.900390625
806.25238023846282,15395
806.52229717594719,15094
806.79222277185,15510.900390625
807.06215700527684,15878.5
807.33209985533017,15781.599609375
807.60205130110876,15981.7998046875
807.87201132170753,16077.2998046875
808.14197989621823,16278.2001953125
808.41195700372873,16525.30078125
808.68194262332361,16504
808.95193673408369,16225.7998046875
809.22193931508673,16171.099609375
809.49195034540628,16330.099609375
809.76196980411294,16747
810.03199767027354,16671.099609375
810.30203392295141,16858.099609375
810.57207854120657,17146.099609375
810.84213150409551,16937.19921875
811.112192790671,16711.5
811.38226237998265,16996.599609375
811.65234025107657,17523.099609375
811.92242638299535,17611.900390625
812.192520754778,17717.400390625
812.46262334546043,17741.19921875
812.732734134075,17747.900390625
813.00285309965034,17593.599609375
813.27298022121226,17658.80078125
813.54311547778264,17522.19921875
813.8132588483802,17485.599609375
814.08341031202042,17356.69921875
814.353569847715,17445.099609375
814.62373743447267,17379.099609375
814.89391305129868,17206.69921875
815.16409667719483,17157
815.43428829115953,17474.599609375
815.70448787218834,17296.69921875
815.97469539927272,17025.80078125
816.24491085140141,16917
816.51513420755975,17026.69921875
816.78536544672932,17360.900390625
817.05560454788917,17375
817.32585149001443,17076.900390625
817.59610625207711,16835.69921875
817.86636881304617,16573.5
818.136639151887,16627.599609375
818.40691724756221,16729.69921875
818.67720307903039,16297.900390625
818.9474966252476,16101.2001953125
819.21779786516629,16254.900390625
819.488106777736,15814.7998046875
819.7584233419027,14720.2001953125
820.02874753660933,14318.2998046875
820.29907934079563,15063.400390625
820.56941873339827,14971.2998046875
820.83976569335027,14420.5
821.11012019958218,14470.099609375
821.38048223102078,13658.2998046875
821.65085176659,13895
821.92122878521059,13912
822.19161326580013,14241.7001953125
822.462005187273,14248
822.73240452854031,12831.2998046875
823.00281126851064,12555.5
823.27322538608871,13846.2001953125
823.54364686017675,13659.7001953125
823.81407566967357,14908.7998046875
824.08451179347492,14319.2998046875
824.35495521047346,12474.599609375
824.62540589955893,13418.2998046875
824.895863839618,14332.2998046875
825.166329009534,14585
825.43680138818763,14098.7001953125
825.70728095445634,14310.7998046875
825.97776768721428,14090.7998046875
826.24826156533311,13880.5
826.51876256768128,13773.599609375
826.78927067312384,15599.2998046875
827.05978586052345,16798.30078125
827.33030810873959,16452.19921875
827.60083739662844,15710.7001953125
827.87137370304356,15510.5
828.14191700683557,15726.599609375
828.41246728685178,15128.5
828.68302452193689,14597.5
828.95358869093252,13475.599609375
829.22415977267747,11313.599609375
829.49473774600733,10432.7001953125
829.76532258975521,12200
830.03591428275092,14332.5
830.30651280382153,15403.900390625
830.57711813179151,15485.5
830.84773024548167,15154.099609375
831.1183491237108,15988.5
831.38897474529438,16635.30078125
831.65960708904493,16383.7001953125
831.9302461337727,15567.099609375
832.20089185828431,14879.900390625
832.47154424138409,15133.2001953125
832.74220326187344,15717.400390625
833.01286889855066,16134.900390625
833.2835411302118,16642
833.5542199356496,15748.2998046875
833.82490529365441,14302.400390625
834.09559718301318,13812.5
834.36629558251059,14283.599609375
834.6370004709288,14361.400390625
834.90771182704657,15084.900390625
835.17842962964016,15018.7001953125
835.44915385748322,14140.2001953125
835.71988448934678,14884.599609375
835.99062150399845,14572
836.26136488020381,15325.599609375
836.53211459672571,15342.7998046875
836.8028706323239,14929.2998046875
837.07363296575556,14583.7998046875
837.34440157577569,15661.2998046875
837.61517644113565,15625.7001953125
837.88595754058508,15284.599609375
838.15674485287025,14981.2998046875
838.42753835673545,14609.7998046875
838.6983380309216,14852.7001953125
838.96914385416744,15789
839.23995580520909,15621.599609375
839.51077386277984,15143.099609375
839.78159800561048,15007.900390625
840.052428212429,15135
840.32326446196146,15411.2001953125
840.59410673293053,15516.900390625
840.86495500405647,16269.099609375
841.13580925405756,16243.7998046875
841.40666946164868,16196.7001953125
841.67753560554263,16206
841.94840766444975,16077.099609375
842.21928561707773,16057
842.49016944213145,16090.5
842.7610591183136,16101.900390625
843.0319546243245,16353.7998046875
843.30285593886117,16320.599609375
843.57376304061916,16517.599609375
843.84467590829092,16207.599609375
844.11559452056656,16082.7001953125
844.386518856134,16489.599609375
844.657448893678,16623.69921875
844.92838461188148,16178.2001953125
845.19932598942455,16063.599609375
845.4702730049853,16505.69921875
845.74122563723915,16798
846.0121838648588,16661.30078125
846.28314766651511,16676.099609375
846.55411702087611,16712.099609375
846.82509190660767,16664.599609375
847.09607230237316,16570.80078125
847.36705818683356,16595.19921875
847.63804953864746,16650.400390625
847.90904633647142,16769.19921875
848.180048558959,16706.599609375
848.4510561847618,16827.900390625
848.72206919252926,17043.099609375
848.99308756090807,16994.19921875
849.264111268543,16924.69921875
849.53514029407631,16940.80078125
849.80617461614781,16776.69921875
850.07721421339545,16492.5
850.34825906445417,16486.400390625
850.61930914795755,16754.599609375
850.89036444253622,16707.69921875
851.16142492681865,16727.400390625
851.43249057943126,16894.400390625
851.70356137899807,16956.30078125
851.974637304141,17138.80078125
852.24571833347943,16959.400390625
852.51680444563112,16843.599609375
852.78789561921076,16872.900390625
853.05899183283157,16767.80078125
853.33009306510428,16527.400390625
853.60119929463758,16654.599609375
853.87231050003777,16817.80078125
854.14342665990887,16865.80078125
854.41454775285331,16747.400390625
854.68567375747079,16919.19921875
854.9568046523591,16985
855.22794041611382,17027.5
855.49908102732854,16926.30078125
855.77022646459443,16595
856.041376706501,15745.7998046875
856.3125317316352,14910
856.58369151858233,15583.099609375
856.854856045925,16496.30078125
857.12602529224432,16792.400390625
857.39719923611926,16792.900390625
857.66837785612643,16614.900390625
857.93956113084027,16701
858.21074903883391,17261.80078125
858.4819415586777,18107.19921875
858.75313866894032,18823
859.02434034818828,18885.400390625
859.29554657498613,18298.5
859.56675732789654,17561.900390625
859.83797258548,16865.19921875
860.109192326295,15892.2998046875
860.38041652889808,14422.900390625
860.65164517184417,13210.599609375
860.92287823368588,13932.2998046875
861.19411569297347,15660.7001953125
861.46535752825639,16439.099609375
861.73660371808091,16669.400390625
862.00785424099229,16584.5
862.27910907553337,16814.5
862.55036820024509,17002.30078125
862.82163159366689,17148
863.09289923433585,17267.599609375
863.36417110078742,17205.400390625
863.635447171555,17092.69921875
863.90672742517052,17157.80078125
864.17801184016355,17248.69921875
864.44930039506187,17213.099609375
864.720593068392,17159
864.99188983867793,17283
865.263190684442,17348.19921875
865.534495584205,17327.5
865.80580451648552,17277.69921875
866.07711745980089,17270
866.348434392666,17360.599609375
866.61975529359449,17545.19921875
866.89108014109775,17698.69921875
867.16240891368591,17726.599609375
867.43374158986683,17837.19921875
867.70507814814721,17897
867.97641856703137,18186.30078125
868.24776282502239,18388.099609375
868.51911090062129,18751.30078125
868.79046277232771,19433.900390625
869.06181841863929,20558.30078125
869.33317781805192,22120.69921875
869.60454094906015,23991
869.87590779015659,24932.5
870.14727831983225,23554.599609375
870.41865251657634,21095.599609375
870.69003035887658,19434.5
870.96141182521922,18547.19921875
871.23279689408844,18133.099609375
871.50418554396686,18085.30078125
871.77557775333582,18585.099609375
872.04697350067477,18505.900390625
872.31837276446163,17576
872.58977552317253,15928.400390625
872.86118175528236,15767.7001953125
873.13259143926427,17107.599609375
873.40400455358974,17729.19921875
873.67542107672875,17892.900390625
873.94684098714981,18098.599609375
874.21826426332,18202.099609375
874.48969088370427,18212
874.76112082676661,18098.099609375
875.03255407096958,17938.099609375
875.3039905947735,17644.400390625
875.575430376638,17933
875.84687339502068,18160.69921875
876.11831962837823,18256.599609375
876.389769055165,18338.69921875
876.66122165383445,18483.400390625
876.93267740283875,18641
877.20413628062806,18593
877.47559826565134,18450.099609375
877.7470633363564,18272.5
878.01853147118914,18377.30078125
878.2900026485944,18288.80078125
878.56147684701557,18299.19921875
878.83295404489422,18192.30078125
879.10443422067112,17984.400390625
879.37591735278522,17712.19921875
879.64740341967467,17556.099609375
879.91889239977513,17312.80078125
880.19038427152213,17090.900390625
880.46187901334929,17151.5
880.73337660368884,17013.400390625
881.00487702097189,17179.5
881.27638024362784,17092.099609375
881.54788625008518,16787.599609375
881.819395018771,16752.80078125
882.090906528111,16683.19921875
882.36242075652956,16589.5
882.63393768244975,16597.400390625
882.90545728429356,16533.900390625
883.17697954048185,16554.400390625
883.44850442943368,16633.19921875
883.72003192956709,16463.19921875
883.99156201929918,16493.69921875
884.26309467704561,16679.80078125
884.53462988122067,16705.099609375
884.80616761023737,16584.69921875
885.07770784250818,16496.19921875
885.34925055644374,16342.599609375
885.62079573045332,16136.7998046875
885.89234334294576,16219.7998046875
886.163893372328,16373.400390625
886.43544579700642,16358.7998046875
886.70700059538592,16145.900390625
886.97855774587,15594.099609375
887.25011722686179,15496.400390625
887.52167901676228,16037.400390625
887.79324309397225,16387.80078125
888.064809436891,16512.80078125
888.33637802391661,16377.2001953125
888.60794883344613,16266.2001953125
888.87952184387552,16091.2001953125
889.15109703360019,16207.7001953125
889.42267438101317,16358
889.69425386450814,16280.400390625
889.96583546247621,16224.900390625
890.23741915330845,16148.5
890.50900491539448,16275.2998046875
890.78059272712267,16522.900390625
891.052182566881,16546.599609375
891.32377441305607,16710.900390625
891.59536824403335,16707.400390625
891.86696403819747,16571.599609375
892.13856177393211,16334.2998046875
892.41016142962008,16154.5
892.68176298364278,16114.2998046875
892.95336641438109,15973.7001953125
893.22497170021506,15936.7998046875
893.49657881952317,16141.400390625
893.76818775068375,16375.2998046875
894.03979847207347,16174.599609375
894.31141096206852,15915.2001953125
894.58302519904407,15980.900390625
894.8546411613745,16329.7998046875
895.12625882743316,16479.099609375
895.39787817559261,16531.80078125
895.66949918422438,16702.19921875
895.94112183169932,16996.80078125
896.21274609638738,17618.5
896.48437195665758,18493.599609375
896.75599939087829,19925.400390625
897.0276283774167,21704.400390625
897.29925889463959,23074.599609375
897.5708909209128,23579.80078125
897.84252443460093,23048.099609375
898.11415941406892,21914.69921875
898.38579583767932,20322.900390625
898.65743368379538,18810.19921875
898.9290729307786,17396.900390625
899.20071355699019,16035.2998046875
899.47235554079066,15119.2001953125
899.74399886053936,15135.7001953125
900.01564349459534,15342.900390625
900.2872894213167,15387.7001953125
900.55893661906066,14942.5
900.83058506618431,14408.400390625
901.10223474104339,14124
901.37388562199351,13719.7998046875
901.64553768738892,13393.7001953125
901.917190915584,13031.400390625
902.18884528493163,13453.7001953125
902.46050077378482,13585.599609375
902.73215736049553,12616.7001953125
903.00381502341486,11939.900390625
903.275473740894,12710.2998046875
903.54713349128258,12441.7001953125
903.81879425293039,11778.2001953125
904.09045600418631,12426.5
904.36211872339845,12865.2998046875
904.63378238891471,12602.599609375
904.90544697908228,12366.2998046875
905.17711247224747,10410.400390625
905.44877884675634,9176.7998046875
905.7204460809545,10406.900390625
905.99211415318689,12590.7998046875
906.26378304179752,12600.099609375
906.53545272513054,11110.5
906.80712318152928,10766.599609375
907.07879438933639,10893
907.35046632689432,10915
907.6221389725448,11291.400390625
907.89381230462914,11268.7001953125
908.16548630148827,11057.5
908.43716094146237,11385.2998046875
908.70883620289169,11303.7998046875
908.9805120641156,10701.900390625
909.25218850347312,11389.7998046875
909.52386549930281,12028.599609375
909.79554302994279,12662.900390625
910.06722107373116,13343.599609375
910.3388996090049,13353.7001953125
910.6105786141012,12597.2998046875
910.8822580673567,12577.7998046875
911.15393794710712,12999.2998046875
911.425618231689,12764
911.69729889943733,12299.2001953125
911.9689799286873,12389.5
912.24066129777373,12635.7998046875
912.512342985031,11578.900390625
912.78402496879323,10815
913.0557072273939,11341.900390625
913.32738973916719,10884.099609375
913.59907248244554,9868.599609375
913.87075543556227,10143.599609375
914.14243857684971,10860.7998046875
914.41412188464,10065.2001953125
914.68580533726583,9759.2001953125
914.95748891305834,10550.099609375
915.22917259034932,9941.7001953125
915.50085634747006,10018.900390625
915.77254016275151,10162.2998046875
916.0442240145245,10144.2001953125
916.31590788111976,10054.099609375
916.58759174086765,9772.2998046875
916.85927557209823,10302.2998046875
917.13095935314152,9577.2998046875
917.40264306232768,9960.400390625
917.674326677986,11213.599609375
917.94601017844593,10962.099609375
918.21769354203718,9708.900390625
918.48937674708873,9672.900390625
918.76105977192947,10902.2001953125
919.03274259488842,10675.5
919.30442519429448,9344.5
919.57610754847633,8402.7001953125
919.84778963576252,8529.900390625
920.11947143448151,8369.099609375
920.39115292296162,9445
920.66283407953131,10454.2001953125
920.93451488251867,10400.2001953125
921.20619531025193,10346.900390625
921.4778753410593,9512.400390625
921.749554953269,7982.89990234375
922.02123412520882,7824.10009765625
922.29291283520683,8935.900390625
922.56459106159116,9605.599609375
922.83626878268967,9949.599609375
923.10794597683071,10090.7001953125
923.3796226223418,9553.7998046875
923.65129869755128,8927.599609375
923.92297418078715,7865.60009765625
924.19464905037762,8124.5
924.46632328465046,9335.900390625
924.73799686193422,9574.900390625
925.009669760557,9321.5
925.28134195884707,9988.099609375
925.5530134351327,10374.5
925.82468416774282,9904.5
926.09635413500541,9656.2998046875
926.36802331524962,10276.2001953125
926.63969168680387,10836.5
926.91135922799731,10611.400390625
927.18302591715894,9890.7998046875
927.4546917326179,9703
927.72635665270354,9646.2998046875
927.99802065574522,9150.400390625
928.26968372007252,9192.400390625
928.54134582401548,9954.5
928.81300694590414,10027.099609375
929.0846670640683,9784.7001953125
929.35632615683869,9467.099609375
929.62798420254592,9154.7998046875
929.89964117952036,9133
930.17129706609342,8832.2998046875
930.44295184059638,8779.400390625
930.71460548136054,8895.599609375
930.98625796671763,8735.7998046875
931.257909275,8903.2998046875
931.52955938453931,8795.599609375
931.80120827366875,8688.099609375
932.07285592072094,8580.400390625
932.34450230402877,8472.599609375
932.6161474019259,8365
932.88779119274625,8257.5
933.15943365482349,8149.89990234375
933.43107476649209,8042.10009765625
933.70271450608709,7934.39990234375
933.97435285194331,7826.89990234375
934.24598978239612,7719.2001953125
934.51762527578148,7133.60009765625
934.78925931043534,7358.7001953125
935.06089186469455,7068.5
935.33252291689575,6867.7001953125
935.60415244537649,7139.39990234375
935.87578042847417,6747.7001953125
936.1474068445275,6228.89990234375
936.41903167187445,6077
936.69065488885428,5978.5
936.96227647380658,6132.7998046875
937.233896405071,5922.7001953125
937.505514660988,5285.10009765625
937.77713121989837,5502.5
938.04874606014323,5111.10009765625
938.32035916006464,4397.5
938.59197049800468,4612.89990234375
938.86358005230636,4411.39990234375
939.13518780131255,4194.60009765625
939.40679372336729,4639.89990234375
939.67839779681492,4598.39990234375
939.95000000000016,3991.39990234375
940.22160031126873,3704.89990234375
940.493198708966,3746.5
940.764795171439,3685.5
941.03638967703444,3589
941.30798220410043,4311.10009765625
941.57957273098486,4904.39990234375
941.85116123603666,4291.7001953125
942.12274769760518,3714.199951171875
942.39433209404058,3690.800048828125
942.66591440369371,3667.39990234375
942.9374946049154,3643.800048828125
943.209072676058,3620.39990234375
943.48064859547424,3597
943.752222341517,3615.300048828125
944.0237938925402,3964.10009765625
944.29536322689876,3848.5
944.56693032294777,3566
944.83849515904319,3812.39990234375
945.11005771354155,4294.10009765625
945.3816179648004,4550.60009765625
945.65317589117774,5071.10009765625
945.92473147103249,5169.5
946.19628468272413,5063.60009765625
946.46783550461282,4642
946.73938391505988,4265.2998046875
947.01092989242693,4301.7998046875
947.28247341507642,4374.2001953125
947.554014461372,4124.7998046875
947.82555300967761,4112.5
948.097089038358,4350.89990234375
948.3686225257793,4282.89990234375
948.64015345030771,4241.5
948.91168179031081,4213.60009765625
949.1832075241565,3858.5
949.454730630214,3475.60009765625
949.72625108685338,3842.60009765625
949.99776887244479,4399.7001953125
950.26928396536039,4129.5
950.5407963439726,3429.300048828125
950.81230598665434,3288.89990234375
951.08381287177986,3660.300048828125
951.3553169777249,4136.39990234375
951.62681828286475,4226
951.89831676557685,4032.5
952.16981240423888,3612.800048828125
952.44130517722965,3565.5
952.71279506292865,3597.10009765625
952.98428203971707,3842
953.25576608597623,3992.5
953.52724718008881,3877.60009765625
953.79872530043838,4055
954.07020042540944,4015.39990234375
954.34167253338774,3912.699951171875
954.61314160275981,3803.60009765625
954.884607611913,3705.800048828125
955.15607053923611,4147
955.42753036311865,4452.89990234375
955.69898706195136,4414.5
955.97044061412589,3821.699951171875
956.24189099803493,3451.39990234375
956.5133381920723,3395.89990234375
956.78478217463282,3578.60009765625
957.05622292411272,4131.7001953125
957.32766041890875,4534.10009765625
957.59909463741917,4655.7998046875
957.87052555804314,4398.60009765625
958.14195315918118,4003.39990234375
958.41337741923462,3572.800048828125
958.68479831660579,3469.60009765625
958.95621582969909,3572.199951171875
959.2276299369189,3733.60009765625
959.49904061667155,3881.5
959.77044784736381,4166.5
960.04185160740462,4275.89990234375
960.31325187520315,4162.7998046875
960.58464862917026,4181
960.85604184771785,3937
961.12743150925928,3752.300048828125
961.39881759220862,3978.89990234375
961.67020007498161,4140.7001953125
961.94157893599493,3938.699951171875
962.21295415366694,3666.10009765625
962.48432570641683,3886.699951171875
962.755693572665,4174.60009765625
963.02705773083346,3854.300048828125
963.29841815934537,3688.199951171875
963.56977483662513,3973
963.84112774109826,4297.2001953125
964.11247685119167,4659.2998046875
964.38382214533408,4465.2998046875
964.65516360195465,4069.5
964.92650119948462,4023.5
965.1978349163561,4239.2998046875
965.46916473100282,3803.300048828125
965.74049062185975,3529.5
966.01181256736334,3718.60009765625
966.28313054595117,3994.10009765625
966.55444453606208,4100.2001953125
966.82575451613707,4266.89990234375
967.09706046461747,4159
967.368362359947,4037.10009765625
967.63966018057,4257.89990234375
967.91095390493285,4494.2001953125
968.18224351148285,4354.89990234375
968.453528978669,4156.10009765625
968.724810284942,3936.39990234375
968.9960874087534,3897.800048828125
969.26736032855661,4056.199951171875
969.53862902280662,4365.60009765625
969.80989346995955,4718.89990234375
970.08115364847311,4588.7998046875
970.35240953680659,4045.699951171875
970.62366111342078,4095.800048828125
970.89490835677827,4348.60009765625
971.16615124534258,4186
971.437389757579,4182.2998046875
971.70862387195473,4368.39990234375
971.979853566938,4404.2998046875
972.2510788209986,4382
972.52229961260855,4298.2998046875
972.79351592024057,4055.39990234375
973.06472772236975,4006.60009765625
973.33593499747212,4289.2001953125
973.60713772402562,4445.7001953125
973.87833588051,4653.7001953125
974.14952944540619,5007.89990234375
974.42071839719688,4986.10009765625
974.69190271436662,4678.2001953125
974.96308237540131,4674.2998046875
975.23425735878891,4925
975.50542764301849,4950.7998046875
975.7765932065812,4863.7998046875
976.04775402796963,4849.2001953125
976.31891008567845,4914.5
976.59006135820334,4762
976.86120782404225,4599.89990234375
977.13234946169462,4873.89990234375
977.40348624966168,4941.60009765625
977.67461816644641,4885.60009765625
977.94574519055345,4911.39990234375
978.21686730048918,4737.5
978.4879844747619,4832.7001953125
978.75909669188115,4918.2001953125
979.03020393035911,4671.7001953125
979.301306168709,4582.7998046875
979.572403385446,4618.5
979.84349555908739,4583
980.1145826681518,4432.2001953125
980.38566469116017,4173.7998046875
980.6567416066348,4373.2001953125
980.92781339310011,4490.5
981.19888002908226,4435.89990234375
981.4699414931091,4487.7998046875
981.74099776371065,4466.2001953125
982.0120488194184,4425.89990234375
982.28309463876644,4283.60009765625
982.55413520028981,4234.7001953125
982.825170482526,4337
983.09620046401426,4299.7998046875
983.36722512329573,4524.89990234375
983.63824443891383,4726.39990234375
983.90925838941314,4729.7998046875
984.18026695334061,4610.39990234375
984.45127010924523,4482.89990234375
984.722267835678,4468.5
984.99326011119149,4417.2001953125
985.26424691434045,4475.2001953125
985.53522822368166,4504.5
985.80620401777378,4358.89990234375
986.07717427517764,4296.89990234375
986.34813897445576,4491
986.61909809417284,4508.7998046875
986.89005161289572,4365.2998046875
987.160999509193,4540.7001953125
987.43194176163547,4735.7998046875
987.702878348796,4755.5
987.97380924924948,4730.2001953125
988.24473444157275,4613.2998046875
988.51565390434473,4602.2001953125
988.78656761614673,4655.7998046875
989.0574755555615,4573.39990234375
989.32837770117465,4458.39990234375
989.59927403157326,4578.2001953125
989.870164525347,4664.60009765625
990.14104916108727,4672.7001953125
990.41192791738752,4698.7998046875
990.682800772844,4668.60009765625
990.95366770605449,4603.7001953125
991.224528695619,4585.7001953125
991.49538372014,4536.7001953125
991.76623275822169,4565.2001953125
992.03707578847082,4678.89990234375
992.30791278949607,4749.2001953125
992.57874373990865,4767.2998046875
992.84956861832143,4765.10009765625
993.12038740335015,4760.7998046875
993.39120007361214,4734.7998046875
993.66200660772733,4657.89990234375
993.932806984318,4601
994.20360118200813,4609.5
994.47438917942452,4695.2001953125
994.74517095519582,4633.60009765625
995.0159464879531,4687.7001953125
995.28671575633007,4682.39990234375
995.55747873896189,4603.2001953125
995.82823541448693,4599.7001953125
996.09898576154524,4594.2001953125
996.3697297587795,4584.39990234375
996.64046738483455,4556.10009765625
996.91119861835728,4543.2001953125
997.18192343799774,4617.2998046875
997.45264182240749,4619
997.72335375024079,4570
997.99405920015442,4574.5
998.26475815080721,4552.5
998.53545058086047,4605.2001953125
998.80613646897791,4559.7998046875
999.07681579382574,4550.2001953125
999.34748853407223,4514.7998046875
999.6181546683888,4478.7001953125
999.88881417544826,4487.5
1000.1594670339267,4542.7998046875
1000.4301132225023,4527.7998046875
1000.7007527198557,4517.2001953125
1000.9713855046698,4491.10009765625
1001.2420115556305,4510.39990234375
1001.5126308514257,4519.60009765625
1001.7832433707459,4538.89990234375
1002.0538490922841,4534.7998046875
1002.3244479947356,4527.2001953125
1002.5950400567987,4570.2001953125
1002.8656252571736,4558.89990234375
1003.1362035745638,4509.7001953125
1003.4067749876743,4496.2998046875
1003.6773394752134,4432.39990234375
1003.9478970158918,4421.7998046875
1004.2184475884226,4434.60009765625
1004.4889911715217,4415.2998046875
1004.759527743907,4421
1005.0300572842997,4386.7001953125
1005.3005797714233,4364.7001953125
1005.5710951840036,4376.39990234375
1005.8416035007697,4355.5
1006.1121047004524,4366.60009765625
1006.3825987617859,4317.7998046875
1006.6530856635064,4311.89990234375
1006.9235653843534,4357.7001953125
1007.1940379030684,4382.89990234375
1007.4645031983963,4336.10009765625
1007.7349612490837,4286
1008.0054120338806,4288.89990234375
1008.2758555315395,4293.39990234375
1008.5462917208154,4207.10009765625
1008.816720580466,4228.7998046875
1009.0871420892522,4261
1009.3575562259372,4256.2001953125
1009.6279629692866,4271
1009.8983622980694,4215.7998046875
1010.1687541910567,4227.7001953125
1010.4391386270229,4186.10009765625
1010.709515584745,4195.39990234375
1010.9798850430025,4153.60009765625
1011.2502469805777,4133.39990234375
1011.5206013762561,4073.39990234375
1011.7909482088256,4068.699951171875
1012.0612874570768,4061
1012.3316190998033,4075.699951171875
1012.6019431158018,4160.89990234375
1012.8722594838713,4146.7001953125
1013.142568182814,4104.89990234375
1013.4128691914344,4124.2001953125
1013.6831624885405,4132.2998046875
1013.9534480529428,4134.2001953125
1014.2237258634545,4127.39990234375
1014.4939958988923,4103.60009765625
1014.7642581380752,4078.60009765625
1015.034512559825,4078.39990234375
1015.3047591429669,4101.10009765625
1015.5749978663285,4021.89990234375
1015.8452287087407,4067.60009765625
1016.1154516490371,4056.60009765625
1016.3856666660542,4064
1016.6558737386317,4056.800048828125
1016.9260728456119,4069
1017.19626396584,4055.60009765625
1017.4664470781647,4053.699951171875
1017.7366221614373,4020
1018.0067891945116,4064
1018.2769481562455,4012.60009765625
1018.5470990254988,4060.800048828125
1018.817241781135,4018.699951171875
1019.0873764020201,4016.800048828125
1019.3575028670238,3994.699951171875
1019.6276211550178,4008.699951171875
1019.8977312448781,4000.89990234375
1020.1678331154824,3993.300048828125
1020.4379267457126,3985.39990234375
1020.7080121144528,3977.699951171875
1020.9780892005906,3970
1021.2481579830169,3962.10009765625
1021.518218440625,3954.5
1021.7882705523118,3946.699951171875
1022.0583142969772,3979
1022.3283496535241,3941.199951171875
1022.5983766008586,3987.699951171875
1022.8683951178897,3967.699951171875
1023.13840518353,3969.89990234375
1023.4084067766947,3987.800048828125
1023.6783998763026,3956.60009765625
1023.9483844612752,3898.5
1024.2183605105377,3939.800048828125
1024.4883280030181,3947.60009765625
1024.7582869176474,3901.60009765625
1025.0282372333602,3906.199951171875
1025.2981789290941,3873.89990234375
1025.56811198379,3882.10009765625
1025.838036376392,3874.60009765625
1026.107952085847,3870.199951171875
1026.3778590911058,3890.89990234375
1026.6477573711222,3883.10009765625
1026.9176469048527,3871.300048828125
1027.1875276712581,3854.60009765625
1027.4573996493014,3872.800048828125
1027.7272628179492,3794.60009765625
1027.997117156172,3829
1028.2669626429426,3747.89990234375
1028.536799257238,3777.5
1028.8066269780379,3793.89990234375
1029.0764457843254,3794.89990234375
1029.3462556550869,3762.5
1029.6160565693124,3731.300048828125
1029.8858485059948,3709.60009765625
1030.1556314441309,3736.5
1030.4254053627203,3721.39990234375
1030.6951702407662,3682.10009765625
1030.9649260572751,3658.699951171875
1031.2346727912573,3701.800048828125
1031.5044104217252,3649.10009765625
1031.7741389276966,3679.199951171875
1032.0438582881907,3665.60009765625
1032.3135684822312,3636.300048828125
1032.583269488845,3643
1032.8529612870627,3651.199951171875
1033.1226438559174,3644.300048828125
1033.392317174447,3644.699951171875
1033.6619812216918,3630.39990234375
1033.9316359766954,3606.5
1034.2012814185057,3606
1034.4709175261739,3586
1034.740544278754,3626.10009765625
1035.0101616553043,3620.5
1035.279769634886,3571.39990234375
1035.549368196564,3578.39990234375
1035.8189573194072,3548.10009765625
1036.0885369824869,3545.89990234375
1036.3581071648787,3552.10009765625
1036.627667845662,3567
1036.897219003919,3521.89990234375
1037.1667606187355,3555.800048828125
1037.436292669202,3522.699951171875
1037.7058151344111,3542.89990234375
1037.9753279934594,3534.60009765625
1038.2448312254476,3538.300048828125
1038.5143248094796,3527.89990234375
1038.7838087246628,3523.5
1039.0532829501085,3500.300048828125
1039.3227474649314,3490.39990234375
1039.5922022482498,3457.300048828125
1039.8616472791855,3477.89990234375
1040.1310825368646,3452.300048828125
1040.4005080004158,3471.699951171875
1040.6699236489726,3476.5
1040.9393294616712,3460.5
1041.2087254176517,3433.89990234375
1041.4781114960583,3433.199951171875
1041.7474876760386,3432.39990234375
1042.0168539367437,3429.699951171875
1042.2862102573288,3468.300048828125
1042.5555566169521,3430.89990234375
1042.8248929947767,3418.699951171875
1043.0942193699682,3440.699951171875
1043.3635357216967,3430.39990234375
1043.6328420291356,3410.5
1043.9021382714625,3431
1044.1714244278583,3403.800048828125
1044.4407004775078,3394.699951171875
1044.7099663995996,3383.89990234375
1044.9792221733264,3375.199951171875
1045.2484677778839,3413
1045.5177031924725,3383.699951171875
1045.7869283962957,3428.199951171875
1046.0561433685612,3379.800048828125
1046.3253480884803,3383.39990234375
1046.5945425352681,3343
1046.863726688144,3359.699951171875
1047.1329005263308,3354.10009765625
1047.4020640290548,3479.60009765625
1047.6712171755473,3934
1047.9403599450422,3431.300048828125
1048.2094923167781,3342.5
1048.4786142699968,3313.10009765625
1048.747725783945,3338.89990234375
1049.0168268378723,3314.5
1049.2859174110326,3323.89990234375
1049.5549974826836,3318.10009765625
1049.8240670320874,3331.39990234375
1050.0931260385094,3289.39990234375
1050.362174481219,3281.199951171875
1050.63121233949,3286.89990234375
1050.9002395925997,3284
1051.1692562198295,3296.5
1051.438262200465,3322
1051.7072575137954,3300.5
1051.976242139114,3294.300048828125
1052.2452160557184,3309.10009765625
1052.5141792429094,3300.5
1052.7831316799927,3301.10009765625
1053.0520733462779,3306.699951171875
1053.3210042210776,3342.39990234375
1053.5899242837097,3337.800048828125
1053.8588335134957,3326.39990234375
1054.1277318897608,3303.89990234375
1054.3966193918345,3321.89990234375
1054.6654959990508,3297.89990234375
1054.9343616907468,3303.10009765625
1055.2032164462644,3314.89990234375
1055.4720602449495,3320.199951171875
1055.7408930661518,3287.699951171875
1056.0097148892255,3344.89990234375
1056.2785256935285,3292
1056.5473254584231,3270.39990234375
1056.8161141632754,3297.699951171875
1057.0848917874562,3304.199951171875
1057.3536583103398,3288.300048828125
1057.6224137113052,3287.10009765625
1057.8911579697349,3281.39990234375
1058.1598910650162,3259.60009765625
1058.42861297654,3260.699951171875
1058.6973236837023,3220.699951171875
1058.966023165902,3243.60009765625
1059.2347114025433,3283.89990234375
1059.5033883730337,3246.89990234375
1059.7720540567855,3211.300048828125
1060.0407084332153,3223.5
1060.3093514817435,3212.5
1060.5779831817952,3207.89990234375
1060.8466035127988,3214.5
1061.1152124541882,3200
1061.3838099854004,3185.89990234375
1061.6523960858779,3220.60009765625
1061.920970735066,3190.39990234375
1062.1895339124155,3164.89990234375
1062.4580855973811,3167.10009765625
1062.7266257694214,3141
1062.9951544079997,3254.199951171875
1063.2636714925834,3623.300048828125
1063.5321770026446,3158.10009765625
1063.8006709176593,3140
1064.0691532171081,3124.60009765625
1064.3376238804756,3152.800048828125
1064.606082887251,3126
1064.8745302169277,3105.10009765625
1065.1429658490038,3087.5
1065.4113897629813,3088.5
1065.6798019383671,3106
1065.9482023546716,3075.60009765625
1066.2165909914108,3089.89990234375
1066.4849678281041,3048.699951171875
1066.7533328442757,3045.300048828125
1067.0216860194544,3074.300048828125
1067.2900273331729,3071
1067.5583567649689,3061.300048828125
1067.826674294384,3070.300048828125
1068.0949799009645,3051.800048828125
1068.3632735642614,3068.10009765625
1068.6315552638296,3019.300048828125
1068.8998249792289,3049.89990234375
1069.1680826900235,3042.39990234375
1069.4363283757821,3031.300048828125
1069.7045620160775,3044.800048828125
1069.9727835904873,3012.300048828125
1070.2409930785939,2992.39990234375
1070.5091904599838,2974.60009765625
1070.7773757142481,3008.300048828125
1071.0455488209825,3019.89990234375
1071.3137097597869,2993.10009765625
1071.5818585102663,2961.89990234375
1071.8499950520302,2994.300048828125
1072.1181193646919,2972.10009765625
1072.3862314278701,2972.39990234375
1072.6543312211879,2972.300048828125
1072.9224187242721,2958
1073.1904939167559,2986.39990234375
1073.4585567782751,2951.699951171875
1073.7266072884715,2959.300048828125
1073.9946454269907,2988.89990234375
1074.2626711734836,2940.39990234375
1074.5306845076052,2933.5
1074.7986854090152,2918.699951171875
1075.0666738573777,2920.800048828125
1075.3346498323626,2887.300048828125
1075.6026133136429,2879.89990234375
1075.8705642808975,2890.800048828125
1076.138502713809,2897.10009765625
1076.4064285920651,2856.89990234375
1076.6743418953586,2846.699951171875
1076.9422426033864,2876.60009765625
1077.21013069585,2869.10009765625
1077.4780061524564,2848.60009765625
1077.7458689529165,2825.800048828125
1078.0137190769462,2831.699951171875
1078.2815565042663,2809.800048828125
